shock_value,domestic_supply_change,exports_change,imports_change
-0.5,-24.428337879799365,50.06912204256123,-33.36404009104624
-0.49,-24.026874766270172,48.921202178329956,-32.85039434461983
-0.48,-23.622066886679264,47.77866427281648,-32.331233001681184
-0.47,-23.213896196149587,46.64155442522309,-31.80650573982221
-0.45999999999999996,-22.80234497328771,45.509918227478906,-31.276162327527544
-0.44999999999999996,-22.38739583146849,44.38380073789154,-30.74015264251429
-0.43999999999999995,-21.96903173005468,43.26324645477225,-30.198426690288866
-0.42999999999999994,-21.547235985536194,42.14829929006657,-29.650934622903296
-0.41999999999999993,-21.12199228257416,41.03900254302529,-29.09762675789342
-0.4099999999999999,-20.69328468493345,39.93539887394865,-28.53845359737872
-0.3999999999999999,-20.261097646288956,38.83753027803994,-27.973365847305697
-0.3899999999999999,-19.825416020888735,37.74543805940282,-27.402314436812837
-0.3799999999999999,-19.386225074058945,36.659162805219594,-26.825250537697155
-0.3699999999999999,-18.943510492534262,35.57874436014613,-26.24212558396037
-0.3599999999999999,-18.49725839459778,34.504221800960316,-25.6528912914122
-0.34999999999999987,-18.04745534001461,33.43563341150148,-25.05749967730846
-0.33999999999999986,-17.59408833974328,32.373016657937896,-24.45590308000026
-0.32999999999999985,-17.137144865409077,31.316408164399512,-23.84805417857106
-0.31999999999999984,-16.676612858523935,30.26584368901359,-23.233906012437053
-0.30999999999999983,-16.21248073943751,29.221358100380197,-22.613412000886736
-0.2999999999999998,-15.74473741600392,28.18298535452481,-21.986525962534838
-0.2899999999999998,-15.273372291950027,27.15075847236456,-21.35320213466569
-0.2799999999999998,-14.798375274929903,26.124709517724416,-20.713395192440938
-0.2699999999999998,-14.319736784252196,25.104869575939425,-20.067060267946342
-0.2599999999999998,-13.837447758264098,24.091268733073885,-19.414152969050004
-0.24999999999999978,-13.35149966139107,23.083936055816977,-18.754629398062725
-0.23999999999999977,-12.861884490787299,22.082899572021407,-18.088446170132002
-0.22999999999999976,-12.368594782631174,21.0881862520152,-17.415560431407684
-0.21999999999999975,-11.87162361801597,20.099821990637906,-16.735929876902507
-0.20999999999999974,-11.37096462844168,19.117831590067723,-16.049512768046224
-0.19999999999999973,-10.866612000894502,18.14223874346199,-15.35626794990456
-0.18999999999999972,-10.358560482504336,17.17306601943931,-14.656154868039605
-0.17999999999999972,-9.846805384771255,16.210334847429777,-13.94913358498794
-0.1699999999999997,-9.331342587352948,15.254065503918552,-13.235164796334162
-0.1599999999999997,-8.812168541405775,14.304277099606955,-12.51420984635766
-0.1499999999999997,-8.289280272472517,13.360987567511943,-11.786230743230625
-0.13999999999999968,-7.762675382911464,12.42421365202538,-11.05119017374738
-0.12999999999999967,-7.2323520538618205,11.493970898951343,-10.309051517564576
-0.11999999999999966,-6.698309046741244,10.570273646537755,-9.559778860933239
-0.10999999999999965,-6.160545704272606,9.653135017517625,-8.803337009904448
-0.09999999999999964,-5.619061951037527,8.742566912172915,-8.039691502991605
-0.08999999999999964,-5.073858293555526,7.838580002431314,-7.26880862327248
-0.07999999999999963,-4.524935819888118,6.941183727005605,-6.49065540991647
-0.06999999999999962,-3.9722961987685927,6.050386287582212,-5.7051996691224325
-0.05999999999999961,-3.415941678259799,5.166194646065471,-4.912409984455741
-0.0499999999999996,-2.8558750839343268,4.288614522868064,-4.112255726561287
-0.03999999999999959,-2.2920998166034283,3.417650396284854,-3.3047070622749577
-0.029999999999999583,-1.7246198495622755,2.5533055028908893,-2.4897349630713927
-0.019999999999999574,-1.1534397253899322,1.6955818390137163,-1.6673112128881604
-0.009999999999999565,-0.5785645522923564,0.8444801632461215,-0.837408415293601
4.440892098500626e-16,1.5117930548087238e-14,-4.1190883232469576e-14,3.739698609263685e-14
0.010000000000000453,0.582247704773906,-0.8378603559101496,0.8449397712850569
0.020000000000000462,1.16817178330458,-1.6691038336632258,1.6974357996694778
0.03000000000000047,1.7577649102489212,-2.493734579822819,2.5575121445547513
0.04000000000000048,2.351019219449872,-3.311757950736853,3.4251920197799053
0.05000000000000049,2.947926310142028,-4.123180503963828,4.300497790432332
0.0600000000000005,3.548477253546969,-4.928009988743494,5.183450970322593
0.0700000000000005,4.152662599846903,-5.726255335532946,6.0740722201218
0.08000000000000052,4.7604723855289,-6.517926644636376,6.972381346163652
0.09000000000000052,5.371896141063451,-7.30303517392089,7.878397299871764
0.10000000000000053,5.9869228989522165,-8.081593325707196,8.792138177877492
0.11000000000000054,6.605541202076289,-8.853614632789428,9.71362122273964
0.12000000000000055,7.227739112366112,-9.619113743658321,10.642862824310258
0.13000000000000056,7.8535042197661165,-10.378106406940212,11.579878521718582
0.14000000000000057,8.48282365148014,-11.130609455083775,12.524683005964981
0.15000000000000058,9.115684081483085,-11.876640787326016,13.477290123114042
0.1600000000000006,9.752071740282366,-12.61621935196847,14.437712878073658
0.1700000000000006,10.39197242491374,-13.34936512799652,15.405963438947232
0.1800000000000006,11.03537150915537,-14.076099106075077,16.382053141945157
0.1900000000000006,11.682253953943913,-14.796443268954693,17.36599249684066
0.20000000000000062,12.332604317976118,-15.510420571321493,18.357791192953616
0.21000000000000063,12.986406768480299,-16.21805491912705,19.35745810564807
0.22000000000000064,13.643645092140858,-16.919371148432187,20.365001303324778
0.23000000000000065,14.304302706159477,-17.614395003800354,21.380428054892455
0.24000000000000066,14.968362669437324,-18.303153116276047,22.40374483770008
0.25000000000000067,15.63580769386212,-18.985672980983693,23.43495734591145
0.2600000000000007,16.306620155683653,-19.661982934382074,24.474070499303835
0.2700000000000007,16.98078210696267,-20.33211213120982,25.521088452471584
0.2800000000000007,17.658275287077643,-20.996090521157036,26.57601460441617
0.2900000000000007,18.33908113427323,-21.65394882529691,27.63885160850159
0.3000000000000007,19.023180797237476,-22.305718512313188,28.70960138275847
0.3100000000000007,19.71055514669086,-22.951431774555463,29.788265120513913
0.32000000000000073,20.401184786974596,-23.59112150395686,30.874843301329875
0.33000000000000074,21.095050067623347,-24.2248212678463,31.969335702229063
0.34000000000000075,21.792131094910054,-24.85256528468775,33.07174140918974
0.35000000000000075,22.49240774334765,-25.47438839977691,34.182058828888124
0.36000000000000076,23.19585966713749,-26.090326060926994,35.30028570067078
0.3700000000000008,23.902466311550512,-26.700414294172486,36.42641910873684
0.3800000000000008,24.612206924229923,-27.304689679519985,37.56045549451022
0.3900000000000008,25.325060566404577,-27.90318932677438,38.70239066918491
0.4000000000000008,26.041006124001175,-28.495950851466635,39.852219826422406
0.4100000000000008,26.7600223186464,-29.083012350910142,41.009937555185175
0.4200000000000008,27.48208771854765,-29.664412380409843,42.17553785268666
0.4300000000000008,28.207180749244348,-30.240189929648555,43.349014137440875
0.44000000000000083,28.935279704220246,-30.810384399273467,44.530359262394796
0.45000000000000084,29.66636275536876,-31.37503557770454,45.71956552812601
0.46000000000000085,30.400407963303305,-31.934183618185546,46.916624696089855
0.47000000000000086,31.137393287505933,-32.48786901609804,48.12152800190038
0.48000000000000087,31.877296596308575,-33.0361325865576,49.33426616863215
0.4900000000000009,32.620095676689914,-33.57901544230198,50.5548294201102
0.5000000000000009,33.36576824390987,-34.1165589719083,51.783207494219255
